0.Nom,0.téléphone,0.adresse,0.site.0.0,0.site.0.1,1.Nom,1.téléphone,1.adresse,2.Nom,2.téléphone,2.adresse,2.site.0.0,2.site.0.1,3.Nom,3.téléphone,3.adresse,3.site.0.0,3.site.0.1,3.site.0.2,4.Nom,4.téléphone,4.adresse,4.site.0.0,4.site.0.1,4.site.0.2,5.Nom,5.téléphone,5.adresse,5.site.0.0,5.site.0.1,6.Nom,6.téléphone,6.adresse,6.site.0.0,6.site.0.1,7.Nom,7.téléphone,7.adresse,7.site.0.0,7.site.0.1,8.Nom,8.téléphone,8.adresse,8.site.0.0,8.site.0.1,8.site.0.2,9.Nom,9.téléphone,9.adresse,9.site.0.0,9.site.0.1,10.Nom,10.téléphone,10.adresse,10.site.0.0,10.site.0.1,11.Nom,11.téléphone,11.adresse,11.site.0.0,11.site.0.1,11.site.0.2,12.Nom,12.téléphone,12.adresse,12.site.0.0,12.site.0.1,12.site.0.2,13.Nom,13.téléphone,13.adresse,13.site.0.0,13.site.0.1,14.Nom,14.téléphone,14.adresse,14.site.0.0,14.site.0.1,14.site.0.2,15.Nom,15.téléphone,15.adresse,15.site.0.0,15.site.0.1,16.Nom,16.téléphone,16.adresse,16.site.0.0,16.site.0.1,16.site.0.2,17.Nom,17.téléphone,17.adresse,17.site.0.0,17.site.0.1,18.Nom,18.téléphone,18.adresse,18.site.0.0,18.site.0.1,18.site.0.2,19.Nom,19.téléphone,19.adresse,19.site.0.0,19.site.0.1,19.site.0.2
"EURL Alexandre BARDARO"," Mobile : 06 11 09 66 22 ","2 chem Avens, 13330 LA BARBEN",www.carreleur-13.com,alexandrebardaro.site-solocal.com,"CP Tradition Carrelage"," Tél : 04 42 24 90 79  Tél :  06 20 35 48 48 ","Villa Les Acacias chem Savoyards, 13100 SAINT MARC JAUMEGARDE","JC Rénovation"," Mobile : 06 63 02 12 25 ","24 chem Auriol, 13790 PEYNIER",,,"De Freitas Et Fils SARL"," Tél : 04 91 63 09 75  Mobile : 06 22 73 86 01  Tél : 09 71 50 21 02 ","171 av Merlan, 13014 MARSEILLE","Rejoignez nous sur Facebook",www.defreitas-et-fils.com,sarldefreitasfils.site-solocal.com,"Ste Exploitation Plantel"," Tél : 04 42 44 67 20 ","10 av Clément Monnier, 13960 SAUSSET LES PINS",www.se-plantel-maconnerie.com,societedexploitationplantel.site-solocal.com,,"A . S . C . R ."," Mobile : 06 14 20 19 77 ","210 chem Garde, 13270 FOS SUR MER",,,BMS,"  Mobile : 07 85 62 15 12   Tél :  07 82 36 96 32 ","27 traverse Cyprès, 13013 MARSEILLE",,,"S . P . C . R Maçonnerie Générale Hollender Sebastien"," Mobile : 06 13 07 45 02  Tél : 04 90 45 34 19 ","fbg Libération, 13430 EYGUIÈRES",,,"M. Mattio Cyril"," Mobile : 06 61 27 30 92 ","10 chem Croix Verte, 13090 AIX EN PROVENCE",,,,"EP Batirenov"," Tél : 04 90 42 96 92 ","797 all des Sardenas, 13680 LANCON PROVENCE",,,"CO.JE.NI Construction EURL"," Tél : 04 90 55 72 25  Mobile : 06 63 79 38 45  Mobile : 06 58 29 57 90 ","4 pl Jean Jaurès, 13450 GRANS",beton-decoratif-provence.fr,cojeniconstructioneurl.site-solocal.com,"Toumi Adlen"," Mobile : 06 75 50 09 41 ","2 bd Louis Frangin, 13005 MARSEILLE",,,,"Rastrelli Denis"," Mobile : 06 15 86 91 98 ","3 lot St Pierre, 13390 AURIOL",,,,"Sol 2000 Morganti"," Tél : 04 42 21 60 02 ","Puyricard 1485 ancienne route Paris, 13540 AIX EN PROVENCE",sol2000morganti.fr,www.poncage-sol-pierre-marbre.fr,"Cojan David"," Mobile : 06 16 91 09 18 ","Le clos du Léou 1 imp Pousaraque, 13220 CHÂTEAUNEUF LES MARTIGUES",,,,"Van Hamme Robert"," Mobile : 06 13 55 24 08 ","5 r Antoine Watteau, 13700 MARIGNANE",,,Crcf," Mobile : 06 19 30 97 44 ","5 r Claire, 13700 MARIGNANE",,,,"J.L.D Carrelages"," Mobile : 06 84 17 96 37 ","1 vallon Mayans, 13015 MARSEILLE",,,"Cherrier Cyril"," Mobile : 06 67 87 10 00 ","17 chem Ste Croix, 13600 CEYRESTE",,,,"Neos Batiment"," Mobile : 06 60 41 49 77 ","9 r Levat, 13003 MARSEILLE",,,
Matrad," Tél : 04 42 22 45 71 ","Impasse Des Oliviers chem Sauvecanne, 13320 BOUC BEL AIR",,,"Neos Batiment"," Mobile : 06 60 41 49 77 ","9 r Levat, 13003 MARSEILLE","Benjamin Croce Renovation"," Mobile : 07 71 16 55 71 ","21 chem Roubine, 13116 VERNÈGUES",,,"DG RENOVATION","  Mobile : 06 03 94 64 94 ","82 Bis Carraire Rouguières Haute, 13122 VENTABREN",dgrenovation.pro,dgrenovation.site-solocal.com,,Progirenov," Mobile : 06 23 28 67 26 ","18 chem Trou de Fourques, 13200 ARLES",,,,"Serre Philippe"," Mobile : 06 72 78 39 85 ","16 r Gutenberg, 13300 SALON DE PROVENCE",www.serrephilippe.fr,www.phserre.fr,"M Wareham SDB Remodelage"," Mobile : 06 36 09 82 13 ","4 traverse Fort Fouque, 13012 MARSEILLE","Rejoignez nous sur Facebook",mickywareham.wixsite.com/mwarehamsdbremod/blog,"Perfect Sols"," Mobile : 06 35 28 25 06 ","10 r République, 13001 MARSEILLE",,,"Perelli Fabrice"," Mobile : 06 81 99 75 67 ","6 Espa Activite Ste Philomène chem Mas de Brau, 13890 MOURIÈS",,,,"Picollet Manuel"," Mobile : 06 23 59 27 02 ","3 imp Un Frédéric Mistral, 13340 ROGNAC",,,Nobosse," Mobile : 06 98 30 20 02 ","765 chem Hauts de Bonherbe, 13400 AUBAGNE",,,"Ad Services ADS13"," Mobile : 06 25 17 36 92 ","6158 rte St Canadet, 13610 LE PUY SAINTE RÉPARADE",,,,"Rénovation BLA"," Mobile : 06 51 44 12 92 ","r République, 13001 MARSEILLE",,,,"Alliance Beaumont Construction ABC"," Mobile : 06 37 19 27 00 ","2 Bis all Pavillon, 13012 MARSEILLE",,,"Picard Sud Maconnerie"," Mobile : 06 67 00 10 51 ","7 all Cervantès, 13009 MARSEILLE",www.picard-sud-maconnerie.fr,"Rejoignez nous sur Facebook",,"Pagliara Rénovation (EURL)"," Mobile : 06 45 74 80 31 ","imp Frères, 13120 GARDANNE",,,"Morel Michel"," Mobile : 06 76 71 38 39 ","671 av Emile Ripert, 13600 LA CIOTAT",,,,BATIRENOV," Mobile : 06 95 55 77 40 ","243 pl Gén de Gaulle, 13300 SALON DE PROVENCE",,,"Zeytun Mazhar"," Mobile : 06 50 20 31 03 ","19 r Récolettes, 13001 MARSEILLE",,,,"Tarhanic Ivan"," Tél : 09 83 27 12 85 ","2 av Alexandre Dumas, 13008 MARSEILLE",,,
"Kool Cleaning","Siège  Tél : 04 42 50 58 38 ","Quartier Des Trissonnes r Henri Bosco, 13640 LA ROQUE D'ANTHÉRON",,,"Art Provence"," Mobile : 06 12 16 66 73 ","27 r Plateau, 13620 CARRY LE ROUET","H . C . Midi Carrelage"," Mobile : 07 61 48 72 88 ","17 Mas Bagnadou 545 chem Moulin d'Eyragues, 13160 CHÂTEAURENARD",,,SMPC," Mobile : 06 20 55 32 13 ","5 chem Mas de Barrelet, 13890 MOURIÈS","Rejoignez nous sur Facebook",maconnerie-gonzalez.fr,,SPBR," Mobile : 06 76 21 06 11 ","629 av Plan de Campagne, 13170 LES PENNES MIRABEAU",,,,"Construction L M G"," Tél : 04 42 82 06 64  Mobile : 06 16 57 04 12 ","212 chem Charrel, 13400 AUBAGNE",,,S.C.P.A.," Tél : 04 91 90 34 11 ","32 r Montolieu, 13002 MARSEILLE",,,"Cucchi Olivier"," Mobile : 06 63 62 80 89 ","av Roger Salengro, 13400 AUBAGNE",,,"Fery Eric"," Tél : 04 42 54 33 46 ","12 Lotissement Lou Capitan r Claou, 13770 VENELLES",www.santons-de-provence.com,www.santonscavassefery.fr,,"Orengo Francois"," Mobile : 06 15 77 93 08 ","1 Carraire des Arlésiens, 13240 SEPTÈMES LES VALLONS",,,"Benjamin Croce Renovation"," Mobile : 07 71 16 55 71 ","21 chem Roubine, 13116 VERNÈGUES",,,"SWAC et Construction"," Tél : 04 42 84 33 79 ","6 av Pierre Imbert, 13260 CASSIS",www.swacetconstruction.fr,"Rejoignez nous sur Facebook",swac.site-solocal.com,Progirenov," Mobile : 06 23 28 67 26 ","18 chem Trou de Fourques, 13200 ARLES",,,,Crcf," Mobile : 06 19 30 97 44 ","5 r Claire, 13700 MARIGNANE",,,"Massilia mg"," Mobile : 06 02 04 16 81 ","152 av Toulon, 13010 MARSEILLE","Rejoignez nous sur Facebook",massiliamg.site-solocal.com,,"DG RENOVATION","  Mobile : 06 03 94 64 94 ","82 Bis Carraire Rouguières Haute, 13122 VENTABREN",dgrenovation.pro,dgrenovation.site-solocal.com,"Giavelli Roger"," Mobile : 06 16 95 16 12 ","286 chem Mas de Roche, 13310 SAINT MARTIN DE CRAU",,,,Experenov," Mobile : 06 11 14 02 39 ","29 bd Pierre et Marie Curie, 13220 CHÂTEAUNEUF LES MARTIGUES",,,"Aguilar Antoine"," Mobile : 06 22 41 16 65 ","175 chem Oliviers, 13450 GRANS",,,,"Araujo César"," Mobile : 06 03 38 32 47 ","2 r Vénitiens, 13500 MARTIGUES",,,
"Entreprise Mathieu SARL"," Tél : 04 91 64 32 72  Mobile : 06 27 89 27 86 ","Mr Simon Amsellem 52 r Espérandieu, 13001 MARSEILLE",www.entreprise-mathieu.fr,"Rejoignez nous sur Facebook","Ben Rezig Mohamed"," Mobile : 06 23 51 51 41 ","2 av Jules Payot, 13090 AIX EN PROVENCE","Neos Batiment"," Mobile : 06 60 41 49 77 ","9 r Levat, 13003 MARSEILLE",,,"M Wareham SDB Remodelage"," Mobile : 06 36 09 82 13 ","4 traverse Fort Fouque, 13012 MARSEILLE","Rejoignez nous sur Facebook",mickywareham.wixsite.com/mwarehamsdbremod/blog,,"Ent- Maçonnerie Générale Perret Sini"," Tél : 04 90 54 77 03 ","12 r Francis Poulenc, 13200 ARLES",,,,Pellegrini," Tél : 04 42 22 48 26 ","1145 bd Jean Perrin, 13320 BOUC BEL AIR",www.entreprise-pellegrini.com,pellegrinijeanjacques.site-solocal.com,"Facchin Bruno",,"35 r Nicolas Copernic, 13200 ARLES",,,"BM Carrelage"," Tél : 04 42 50 26 84 ","87 r Bir Hakeim, 13090 AIX EN PROVENCE",,,"Lucchesi Bruno"," Tél : 04 90 94 97 10  Mobile : 06 09 32 44 06  Fax : 04 90 94 99 23 ","965 rte Palunettes, 13870 ROGNONAS","Rejoignez nous sur Facebook",www.carreleur-lucchesibruno-rognonas.fr,,"Aguilar Antoine"," Mobile : 06 22 41 16 65 ","175 chem Oliviers, 13450 GRANS",,,"Carocim France SARL"," Tél : 04 42 92 20 39 ","Puyricard 1515 rte Puy Ste Réparade, 13540 AIX EN PROVENCE",,,Crcf," Mobile : 06 19 30 97 44 ","5 r Claire, 13700 MARIGNANE",,,,"Carrelage Corzo"," Mobile : 06 71 98 97 86 ","97 av Stalingrad, 13200 ARLES",,,,SMPC," Mobile : 06 20 55 32 13 ","5 chem Mas de Barrelet, 13890 MOURIÈS","Rejoignez nous sur Facebook",maconnerie-gonzalez.fr,"BAVER CARRELEUR"," Tél :  09 88 43 89 44 ","Bureau N 3 20 r Jorgi Reboul, 13015 MARSEILLE",,,,"Payet Jean-Daniel"," Mobile : 06 37 59 74 76 ","56 traverse Moulin, 13400 AUBAGNE",,,"Home Corniche Travaux Décoration"," Mobile : 06 11 50 21 63 ","237 corniche Prés J F Kennedy, 13007 MARSEILLE",home-corniche.fr,homecorniche.site-solocal.com,,"Algarra Philippe"," Mobile : 07 71 77 68 80 ","quart St Gabriel, 13150 TARASCON",,,"A Volt Services"," Mobile : 07 61 14 83 11 ","471 montée St Joseph, 13430 EYGUIÈRES","Rejoignez nous sur Facebook",avoltservices-eyguieres.site-solocal.com,avoltservices.site-solocal.com,"SIMIAN MACONNERIE"," Tél : 04 86 63 69 09  Mobile : 06 88 48 60 23 ","133 rte Eyguières, 13200 ARLES","Rejoignez nous sur Facebook",www.simian-maconnerie.fr/,simianmaconnerie.site-solocal.com
"Arslan Maçonnerie Générale"," Mobile : 07 58 04 56 54 ","12 bd Louis Frangin, 13005 MARSEILLE",,,"Tomsa Ion"," Mobile : 06 95 28 54 77 ","250 bd Romain Rolland, 13009 MARSEILLE","Picollet Manuel"," Mobile : 06 23 59 27 02 ","3 imp Un Frédéric Mistral, 13340 ROGNAC",,,"Francis Percivalle"," Tél : 04 42 51 54 64 ","386 quart Angles, 13120 GARDANNE",,,,"Maisons Traditionnelles"," Mobile : 06 81 05 76 46 ","domaine de Samana rte Eyguières, 13300 SALON DE PROVENCE",,,,"Marbrerie Pilati Fils"," Tél : 04 91 94 10 00  Fax : 04 91 48 43 58 ","358 r St Pierre, 13005 MARSEILLE","Rejoignez nous sur Facebook",Www.marbrerie-pilati-et-fils.com,"Cherrier Cyril"," Mobile : 06 67 87 10 00 ","17 chem Ste Croix, 13600 CEYRESTE",,,Ollibat," Mobile : 06 10 14 35 47 ","98 r Grignan, 13001 MARSEILLE",,,"Houimli Maxime"," Mobile : 06 24 11 82 28 ","19 r Neuve Ste Catherine, 13007 MARSEILLE",,,,"Blb Artisan Carreleur"," Mobile : 06 19 99 61 72 ","1305 che Michel Cionini, 13510 EGUILLES",,,Landolsi,"  Mobile : 07 61 30 86 43 ","r Chapeliers, 13001 MARSEILLE",,,"Pg Habitat Travaux SARL"," Mobile : 06 84 05 64 84 ","97 bd Blazots, 13300 SALON DE PROVENCE",,,,"Action Multi Services"," Mobile : 06 17 82 17 56 ","bât C Terre D'opale 50 r Jean Amado, 13090 AIX EN PROVENCE","Rejoignez nous sur Facebook",actionmultiservices-aixenprovence.site-solocal.com,actionmultiservices-aixenprovence-2.site-solocal.com,Pellegrini," Tél : 04 42 22 48 26 ","1145 bd Jean Perrin, 13320 BOUC BEL AIR",,,"A Volt Services"," Mobile : 07 61 14 83 11 ","471 montée St Joseph, 13430 EYGUIÈRES","Rejoignez nous sur Facebook",avoltservices-eyguieres.site-solocal.com,avoltservices.site-solocal.com,"Manou Carrelages"," Mobile : 06 30 91 38 66 ","1 B résid Souspiron av Séverine, 13150 TARASCON",,,"Art Provence"," Mobile : 06 12 16 66 73 ","27 r Plateau, 13620 CARRY LE ROUET",,,,"Orengo Francois"," Mobile : 06 15 77 93 08 ","1 Carraire des Arlésiens, 13240 SEPTÈMES LES VALLONS",,,Matrad," Tél : 04 42 22 45 71 ","Impasse Des Oliviers chem Sauvecanne, 13320 BOUC BEL AIR",,,,"AS Carrelage"," Mobile : 06 34 06 65 12 ","20 all Marie Curie, 13270 FOS SUR MER",,,
"Francis Percivalle"," Tél : 04 42 51 54 64 ","386 quart Angles, 13120 GARDANNE",,,"Lengama Yvon Mathurin"," Mobile : 06 64 40 30 30 ","2 esc Remparts, 13410 LAMBESC","Aguilar Antoine"," Mobile : 06 22 41 16 65 ","175 chem Oliviers, 13450 GRANS",,,"La Maison Marseillaise SAS"," Tél : 04 91 70 97 03  Mobile : 06 70 45 15 32 ","110 traverse Malvina, 13012 MARSEILLE","Rejoignez nous sur Facebook",www.multi-travaux.net,lamaisonmarseillaisesas.site-solocal.com,"Sol et Bain FERRATO"," Tél : 04 42 23 20 86  Tél : 04 42 23 95 73 ","370 rte St Canadet, 13100 AIX EN PROVENCE","Rejoignez nous sur Facebook",www.soletbain-ferrato.fr/?fbclid=IwAR2dIQTt9_RVWGgwKQwvXFbSg4eDK2RYVYQomWJ58g__6EAtvnkyPwLyxGo,www.soletbain-ferrato.fr/,Technisols," Mobile : 06 65 12 22 95 ","82 bd Michelet, 13008 MARSEILLE",,,"Sol Brille"," Tél : 04 91 91 34 00 ","15 r Vincent Scotto, 13001 MARSEILLE",,,"Molla Alexis"," Mobile : 06 14 31 14 95 ","Le Baguier chem Civade Verde, 13600 LA CIOTAT",,,"Carrelages Rive Gauche"," Tél : 09 67 09 71 41  Tél : 09 77 90 37 59  Fax : 04 90 92 12 11 ","2148 rte Avignon, 13160 CHÂTEAURENARD","Rejoignez nous sur Facebook",www.carrelages-rive-gauche.com,carrelagesrivegauche.site-solocal.com,"Lucchesi Bruno"," Tél : 04 90 94 97 10  Mobile : 06 09 32 44 06  Fax : 04 90 94 99 23 ","965 rte Palunettes, 13870 ROGNONAS","Rejoignez nous sur Facebook",www.carreleur-lucchesibruno-rognonas.fr,"Korian Patrick"," Tél : 04 91 09 73 01 ","35 bd Castellane, 13015 MARSEILLE",,,"Laget David"," Mobile : 06 46 47 95 46 ","bât 18 Hlm Roquecoquille av Jean Bouin, 13160 CHÂTEAURENARD",,,,"Milliet Pascal"," Tél : 04 32 62 01 38 ","48 av Pierre Brossolette, 13160 CHÂTEAURENARD",,,,"Ben Rezig Mohamed"," Mobile : 06 23 51 51 41 ","2 av Jules Payot, 13090 AIX EN PROVENCE",,,"Mesle Jean-Charles"," Tél : 04 42 22 59 66 ","Quart De Rans 6 bd Argelas, 13480 CABRIÈS",,,,"Schneider Alain","  Mobile : 06 73 72 21 50 ","341 rte Chateaurenard, 13630 EYRAGUES",,,"L'Art Des Sols"," Tél : 04 42 66 31 30 ","la Duranne 80 av Nicolas Copernic, 13100 AIX EN PROVENCE",,,,"Entreprise Mathieu SARL"," Tél : 04 91 64 32 72  Mobile : 06 27 89 27 86 ","Mr Simon Amsellem 52 r Espérandieu, 13001 MARSEILLE",www.entreprise-mathieu.fr,"Rejoignez nous sur Facebook","Entir Construction"," Mobile : 06 41 14 12 18 ","10 r République, 13001 MARSEILLE",,,,Prot," Mobile : 06 74 69 38 31 ","177 av St Antoine, 13015 MARSEILLE",,,
"Alpha Plomberie"," Mobile : 06 46 46 02 27 ","161 Bis bd Boisson, 13004 MARSEILLE",,,"Sol Brille"," Tél : 04 91 91 34 00 ","15 r Vincent Scotto, 13001 MARSEILLE","Aguilar Antoine"," Mobile : 06 22 41 16 65 ","175 chem Oliviers, 13450 GRANS",,,Crcf," Mobile : 06 19 30 97 44 ","5 r Claire, 13700 MARIGNANE",,,,"Payet Jean-Daniel"," Mobile : 06 37 59 74 76 ","56 traverse Moulin, 13400 AUBAGNE",,,,"Maisons Traditionnelles"," Mobile : 06 81 05 76 46 ","domaine de Samana rte Eyguières, 13300 SALON DE PROVENCE",,,Batibat," Mobile : 06 67 85 09 01 ","Résidence av Pegoulieres, 13124 PEYPIN",,,"Distribution Service Realisation"," Tél : 04 91 87 27 33 ","9 av Mar Ney, 13011 MARSEILLE","Rejoignez nous sur Facebook","Rejoignez nous sur Facebook","Cucchi Olivier"," Mobile : 06 63 62 80 89 ","av Roger Salengro, 13400 AUBAGNE",,,,"Korian Patrick"," Tél : 04 91 09 73 01 ","35 bd Castellane, 13015 MARSEILLE",,,"Plomberie Chauffage Multitravaux"," Mobile : 06 38 37 18 08 ","235 chem St Georges, 13980 ALLEINS",,,"PLIC RENOV SAS"," Mobile : 06 95 74 20 07 ","2 r Rene Armenico, 13370 MALLEMORT","Rejoignez nous sur Facebook",www.plicrenov.fr,,"SUMEY CONSTRUCTIONS"," Mobile : 06 61 61 46 31 ","Entree C résid Consolat bât B 358 che Littoral, 13015 MARSEILLE",,,,"SPB Spécialiste Pose Bâtiment"," Tél : 04 42 71 61 90  Mobile : 06 09 20 65 90 ","103 av Paix Res le Picoussin, Bat Les Oliviers, 13600 LA CIOTAT",,,"Massilia mg"," Mobile : 06 02 04 16 81 ","152 av Toulon, 13010 MARSEILLE","Rejoignez nous sur Facebook",massiliamg.site-solocal.com,,"Raviol Patrick"," Mobile : 06 79 63 59 77 ","16 av Francis Méano, 13114 PUYLOUBIER",,,"Arts Ivoire Carrelage"," Tél : 04 32 61 10 88 ","278 chem Colombier, 13570 BARBENTANE",,,,Pellegrini," Tél : 04 42 22 48 26 ","1145 bd Jean Perrin, 13320 BOUC BEL AIR",www.entreprise-pellegrini.com,pellegrinijeanjacques.site-solocal.com,"Fery Eric"," Tél : 04 42 54 33 46 ","12 Lotissement Lou Capitan r Claou, 13770 VENELLES",www.santons-de-provence.com,www.santonscavassefery.fr,,"Del-maschio Bernard"," Tél : 04 90 59 01 12 ","330 chem Rousset, 13560 SÉNAS",,,
"Savarino Gilles"," Tél : 04 42 79 18 08 ","740 bd Libération, 13730 SAINT VICTORET",,,Sut," Mobile : 06 68 45 45 55 ","29 bd Jean Labro, 13016 MARSEILLE",Nobosse," Mobile : 06 98 30 20 02 ","765 chem Hauts de Bonherbe, 13400 AUBAGNE",,,"Carrelages Gauche"," Tél : 04 90 95 96 04 ","20 bd Mirabeau, 13210 SAINT RÉMY DE PROVENCE",,,,"Sanche Alex"," Mobile : 06 03 10 27 10  Tél : 09 54 54 32 28 ","20 r Eugène Hustache, 13200 ARLES",,,,"Ad Services ADS13"," Mobile : 06 25 17 36 92 ","6158 rte St Canadet, 13610 LE PUY SAINTE RÉPARADE",,,Batisol," Mobile : 06 24 42 19 62 ","14 che Cigalon, 13200 ARLES",,,"Joey Carrelages"," Mobile : 06 68 13 05 42 ","47 traverse Baudillons, 13013 MARSEILLE",,,Cera-Sol," Tél : 04 91 81 74 26 ","268 chem Sainte Marthe, 13014 MARSEILLE",,,,"Farricelli Ciro"," Tél : 04 91 84 37 74 ","73 r Pautrier, 13004 MARSEILLE",,,"Giga Construction"," Mobile : 06 13 37 03 51 ","bd Frédéric Chopin, 13110 PORT DE BOUC",,,"J.M CONSTRUCTION"," Mobile : 07 82 71 03 95 ","Lotissement Aubert 2 r Gendarmerie, 13160 CHÂTEAURENARD",,,,"Rénovation BLA"," Mobile : 06 51 44 12 92 ","r République, 13001 MARSEILLE",,,,"Massilia mg"," Mobile : 06 02 04 16 81 ","152 av Toulon, 13010 MARSEILLE","Rejoignez nous sur Facebook",massiliamg.site-solocal.com,"Payet Jean-Daniel"," Mobile : 06 37 59 74 76 ","56 traverse Moulin, 13400 AUBAGNE",,,,"Araujo César"," Mobile : 06 03 38 32 47 ","2 r Vénitiens, 13500 MARTIGUES",,,"SWAC et Construction"," Tél : 04 42 84 33 79 ","6 av Pierre Imbert, 13260 CASSIS",www.swacetconstruction.fr,"Rejoignez nous sur Facebook",swac.site-solocal.com,"Del-maschio Bernard"," Tél : 04 90 59 01 12 ","330 chem Rousset, 13560 SÉNAS",,,"Ent- Maçonnerie Générale Perret Sini"," Tél : 04 90 54 77 03 ","12 r Francis Poulenc, 13200 ARLES",,,,"Serre Philippe"," Mobile : 06 72 78 39 85 ","16 r Gutenberg, 13300 SALON DE PROVENCE",www.serrephilippe.fr,www.phserre.fr,
"Arslan Maçonnerie Générale"," Mobile : 07 58 04 56 54 ","12 bd Louis Frangin, 13005 MARSEILLE",,,"Leca Bruno Artisan"," Mobile : 06 79 16 25 73 ","bât B imm El Dorado 24 pl Castellane, 13006 MARSEILLE","Conil Bertrand"," Tél : 04 42 83 70 33  Mobile : 06 16 19 88 17 ","7 clos Ste Catherine, 13600 CEYRESTE",,,Créa'Carro," Mobile : 06 86 86 87 52 ","178 Grand Rue, 13250 CORNILLON CONFOUX",,,,"PLIC RENOV SAS"," Mobile : 06 95 74 20 07 ","2 r Rene Armenico, 13370 MALLEMORT","Rejoignez nous sur Facebook",www.plicrenov.fr,,"POVEDA Christian"," Mobile : 06 10 45 77 93  Tél : 04 42 52 38 87 ","3 pl Victor Schoelcher RES le Bois de l' Aune, bât B, 13090 AIX EN PROVENCE",,,"Entreprise Générale de Construction du Midi"," Mobile : 06 80 10 87 76 ","47 bd Rabatau, 13008 MARSEILLE",,,"Lengama Yvon Mathurin"," Mobile : 06 64 40 30 30 ","2 esc Remparts, 13410 LAMBESC",,,"Pop Alexandra","  Tél : 04 65 95 05 23 ","217 r Pierre Doize, 13010 MARSEILLE",,,,"RENO DECO","  Mobile : 07 82 01 69 11 ","1067 rte St Esteve, 13840 ROGNES",www.renodeco.net,leclercq-rognes.site-solocal.com,"SUMEY CONSTRUCTIONS"," Mobile : 06 61 61 46 31 ","Entree C résid Consolat bât B 358 che Littoral, 13015 MARSEILLE",,,"Entreprise Mathieu SARL"," Tél : 04 91 64 32 72  Mobile : 06 27 89 27 86 ","Mr Simon Amsellem 52 r Espérandieu, 13001 MARSEILLE",www.entreprise-mathieu.fr,"Rejoignez nous sur Facebook",,"Carrelage Seven"," Mobile : 06 07 22 70 42 ","9 bd Dominique Nicotra, 13110 PORT DE BOUC",,,,"Tarhanic Ivan"," Tél : 09 83 27 12 85 ","2 av Alexandre Dumas, 13008 MARSEILLE",,,"Sol Brille"," Tél : 04 91 91 34 00 ","15 r Vincent Scotto, 13001 MARSEILLE",,,,"Entre Sol et Mur SARL","  Tél : 01 70 36 34 11 ","Quartier Belin Les Platanes 6 r St Georges, 13100 AIX EN PROVENCE",www.entresoletmur.fr,www.dom-maison.com/,SPBR," Mobile : 06 76 21 06 11 ","629 av Plan de Campagne, 13170 LES PENNES MIRABEAU",,,,"Cucchi Olivier"," Mobile : 06 63 62 80 89 ","av Roger Salengro, 13400 AUBAGNE",,,"Maçon D'autrefois"," Mobile : 06 51 70 50 49 ","159 bd Henri Barnier, 13015 MARSEILLE","Rejoignez nous sur Facebook",jlassisarah.site-solocal.com,,"BM Carrelage"," Tél : 04 42 50 26 84 ","87 r Bir Hakeim, 13090 AIX EN PROVENCE",,,
"Cojan David"," Mobile : 06 16 91 09 18 ","Le clos du Léou 1 imp Pousaraque, 13220 CHÂTEAUNEUF LES MARTIGUES",,,"Ceccoli Gérard"," Mobile : 06 12 55 27 47 ","1 av Pont, 13124 PEYPIN","Construction L M G"," Tél : 04 42 82 06 64  Mobile : 06 16 57 04 12 ","212 chem Charrel, 13400 AUBAGNE",,,"Chris Carrelage"," Mobile : 06 77 48 26 04 ","Z.A de Caronte 7 bd Maritime, 13500 MARTIGUES",,,,SPBR," Mobile : 06 76 21 06 11 ","629 av Plan de Campagne, 13170 LES PENNES MIRABEAU",,,,Ollibat," Mobile : 06 10 14 35 47 ","98 r Grignan, 13001 MARSEILLE",,,"Blind Frederic"," Mobile : 06 34 38 62 17 ","1 av Lakme, 13012 MARSEILLE",,,"Lecole Florian"," Mobile : 06 64 70 97 53 ","18 r Foch, 13330 PÉLISSANNE",,,S.C.P.A.," Tél : 04 91 90 34 11 ","32 r Montolieu, 13002 MARSEILLE",,,,"TOURNASSET MACONNERIE ENTREPRISES"," Tél : 04 90 92 40 99  Mobile : 06 16 37 16 28 ","quart Galine, 13210 SAINT REMY DE PROVENCE",,,"Del-maschio Bernard"," Tél : 04 90 59 01 12 ","330 chem Rousset, 13560 SÉNAS",,,"Facchin Bruno",,"35 r Nicolas Copernic, 13200 ARLES",,,,"Ad Services ADS13"," Mobile : 06 25 17 36 92 ","6158 rte St Canadet, 13610 LE PUY SAINTE RÉPARADE",,,,"Francis Percivalle"," Tél : 04 42 51 54 64 ","386 quart Angles, 13120 GARDANNE",,,"Molla Alexis"," Mobile : 06 14 31 14 95 ","Le Baguier chem Civade Verde, 13600 LA CIOTAT",,,,"Arslan Maçonnerie Générale"," Mobile : 07 58 04 56 54 ","12 bd Louis Frangin, 13005 MARSEILLE",,,"HELP Travaux"," Tél : 04 91 17 90 73 ","165 av Prado, 13008 MARSEILLE","Rejoignez nous sur Facebook",www.helptravaux.fr/contacts,www.helptravaux.fr,"CAMILLA CARRELAGE"," Mobile : 06 22 58 06 36 ","1605 chem Longuelance, 13400 AUBAGNE",,,"Gastaud Jérôme"," Mobile : 06 16 81 00 71 ","832 D rte Mimet, 13109 SIMIANE COLLONGUE",,,,"Rénovation BLA"," Mobile : 06 51 44 12 92 ","r République, 13001 MARSEILLE",,,
"L&M Construction"," Mobile : 06 12 22 16 43  Mobile : 06 17 96 96 79 ","Angle D19 che Bastides Des Roll chem Clos Ferrier, 13450 GRANS",,,"Ent- Maçonnerie Générale Perret Sini"," Tél : 04 90 54 77 03 ","12 r Francis Poulenc, 13200 ARLES","J.L.D Carrelages"," Mobile : 06 84 17 96 37 ","1 vallon Mayans, 13015 MARSEILLE",,,Pellegrini," Tél : 04 42 22 48 26 ","1145 bd Jean Perrin, 13320 BOUC BEL AIR",www.entreprise-pellegrini.com,pellegrinijeanjacques.site-solocal.com,,"PLIC RENOV SAS"," Mobile : 06 95 74 20 07 ","2 r Rene Armenico, 13370 MALLEMORT","Rejoignez nous sur Facebook",www.plicrenov.fr,,"Picollet Manuel"," Mobile : 06 23 59 27 02 ","3 imp Un Frédéric Mistral, 13340 ROGNAC",,,"Gonzalez Laurent"," Mobile : 06 15 08 16 08 ","32 r Pasteur, 13340 ROGNAC",,,"Etthari Tringali"," Mobile : 06 28 56 41 38 ","La Bastide Des Lys 449 Quinquies r Léon Arnoux, 84120 PERTUIS",,,Dkodrey," Mobile : 07 61 43 91 70 ","203 Carraire des Arlens, 83910 POURRIÈRES",,,,"AKS RENOV"," Mobile : 07 69 76 22 35 ","218 chem Confines, 84270 VEDÈNE",,,"ABC Rénovation"," Tél : 04 91 37 83 27  Mobile : 06 61 88 36 07  Tél : 04 91 37 96 78 ","204 r Breteuil, 13006 MARSEILLE","Rejoignez nous sur Facebook",www.abc-renovation-marseille.com,"S.AP.S. AMELIOR PATRIMOINE & SERVI SOC"," Tél : 04 42 92 65 90 ","255 r Cornaline, 13510 EGUILLES",,,,"BS & Pose"," Mobile : 06 45 39 11 03  Tél : 04 65 01 07 28 ","résid Le Kalliste 1 3 av Clément Monnier, 13960 SAUSSET LES PINS","Rejoignez nous sur Facebook",www.bsetpose.fr/,,"Atout Carreaux", Tél : 0674570838 ,"rte Val Cuech, 13300 SALON DE PROVENCE",,,"Coordination Meridionale De Travaux CMT"," Tél : 04 91 95 81 19 ","10 r Jean de Bernardy, 13001 MARSEILLE",,,,Socotra," Mobile : 06 30 58 60 14  Tél : 04 42 61 51 30 ","873 chem Grisole, 13530 TRETS",,,Pellegrini," Tél : 04 42 65 86 36 ","855 rte Blanche, 13120 GARDANNE",www.maconnerie-pellegrini.com/nous-contacter/,www.maconnerie-pellegrini.com/,pellegrini.site-solocal.com,"JEM VENELLES CARRELAGES", Tél : 0442228655 ,"7 r Piboules, 13770 VENELLES",,,"Aillaud Jean-Jacques"," Tél : 04 42 22 00 25  Mobile : 06 10 56 20 32  Fax : 04 42 50 85 43 ","Domaine San Baquis 199 r Fernandel, 13320 BOUC BEL AIR","Rejoignez nous sur Facebook",jeanaillaud.site-solocal.com,,"C.M.T Sarl","Bureaux  Tél : 04 91 95 81 19 ","177 av des Chartreux, 13004 MARSEILLE",,,
"JEM VENELLES CARRELAGES", Tél : 0442228655 ,"7 r Piboules, 13770 VENELLES",,,"BETA BAT","  Mobile : 06 10 48 83 65 ","176 r Consolat, 13004 MARSEILLE","Reusa Michel (Sarl)"," Tél : 04 42 57 10 41 ","La Trévaresse 26 rte Caireval, 13410 LAMBESC",https://www.reusa-maconnerie.fr,"Rejoignez nous sur Facebook","Felgueiras Constructions"," Tél : 04 42 96 07 43 ","1925 rte Avignon, 13090 AIX EN PROVENCE",,,,"Paséri Yves"," Tél-fax : 04 42 77 82 75  Mobile : 06 99 68 12 32 ","parc mediterranee, bat f4 Rue duc d'aumale, 13700 MARIGNANE",,,,"Biggi Carrelages"," Tél : 04 91 09 22 01 ","92 bd Jean Labro, 13016 MARSEILLE",,,"Reusa Michel (Sarl)"," Tél : 04 42 57 10 41 ","La Trévaresse 26 rte Caireval, 13410 LAMBESC",,,"Bergont Carrelages L'as Du Carreau"," Tél : 04 42 32 21 19  Fax : 04 42 32 22 78 ","Quart Douard 1600 RN 8 direction le Castellet, 13420 GÉMENOS",,,"RTB Rénovation Travaux Du Bâtiment"," Tél : 04 91 42 30 89 ","8 r Roger Brun, 13006 MARSEILLE",,,,"Giacometti Entreprise"," Mobile : 06 63 04 49 01 ","1625 rte Legion, 13400 AUBAGNE",www.entreprise-giacometti.fr/,"Rejoignez nous sur Facebook","Entreprise Martel de Père en Fils depuis1952"," Tél : 04 13 68 22 81 ","124 r Sainte, 13007 MARSEILLE",,,"Alpha Renovation"," Mobile : 06 11 20 10 91 ","3 bd Gare, 13821 LA PENNE SUR HUVEAUNE",,,,Decor'Home," Tél : 09 52 97 69 20 ","les Milles 410 chem Plan d'Aillane, 13290 AIX EN PROVENCE","Rejoignez nous sur Facebook",www.decorhomeaix.com,,"Cooperative Des Techniques Du Batimen C-"," Fax : 04 91 67 06 65 ","162 bd Plombières, 13014 MARSEILLE","Rejoignez nous sur Facebook",www.renovation-maconnerie-marseille.fr,Defidok," Tél : 04 67 21 30 67 ","rte Nationale 8, 13400 AUBAGNE",,,,"Azur Résine Sol Mur"," Tél : 04 42 34 91 64 ","Zone Industrielle Estroublans En 4 r Dublin, 13127 VITROLLES","Rejoignez nous sur Facebook",www.azurresine.fr,"Valdes Frères"," Tél : 04 30 22 01 61 ","9 pl République, 13700 MARIGNANE","Rejoignez nous sur Facebook",www.valdespeinture.com,,"SM Discount Carrelage"," Tél : 04 90 53 38 35 ","Qu La Boule Noire rte Entressen, 13140 MIRAMAS",,,"Masliah Philippe"," Mobile : 06 88 99 34 77 ","14 bd Grac, 13015 MARSEILLE",www.travauxetservices-13.fr,mmasliahphilippe.site-solocal.com,,"Design Carrelages"," Tél : 04 42 34 48 16 ","Centre D'activité bd Pasteur, 13730 SAINT VICTORET",,,
"Gedimat Sophonet"," Tél : 04 91 25 05 56 ","7 traverse Valette, 13009 MARSEILLE","Rejoignez nous sur Facebook",www.gedimat.fr/1676-magasin-gedimat-sophonet-marseille.htm,"SM Discount Carrelage"," Tél : 04 90 53 38 35 ","Qu La Boule Noire rte Entressen, 13140 MIRAMAS","Engel Maçonnerie"," Mobile : 06 23 01 25 80 ","Les 4 Saisons 31 traverse Fabres, 13011 MARSEILLE",,,"AENF Construction Renovation"," Mobile : 06 06 95 29 48 ","61 r Marx Dormoy, 13004 MARSEILLE",,,,"Neri Maçonnerie Générale"," Tél : 04 90 91 10 80 ","Mas Sicard 6 av Georges Guynemer, 13150 TARASCON","Rejoignez nous sur Facebook",www.maconnerie-neri.com/,nerimaconnerieglerenovation.site-solocal.com,"Valdes Frères"," Tél : 04 30 22 01 61 ","9 pl République, 13700 MARIGNANE","Rejoignez nous sur Facebook",www.valdespeinture.com,"Cooperative Des Techniques Du Batimen C-"," Fax : 04 91 67 06 65 ","162 bd Plombières, 13014 MARSEILLE","Rejoignez nous sur Facebook",www.renovation-maconnerie-marseille.fr,"Azur Résine Sol Mur"," Tél : 04 42 34 91 64 ","Zone Industrielle Estroublans En 4 r Dublin, 13127 VITROLLES","Rejoignez nous sur Facebook",www.azurresine.fr,Defidok," Tél : 04 67 21 30 67 ","rte Nationale 8, 13400 AUBAGNE",,,,"Entre Sol Et Mur", Tél : 0415440705 ,"1496 chem Seis, 83560 RIANS",,,"Guerri Frédéric"," Mobile : 06 86 51 55 21  Tél : 09 52 68 63 23 ","chem Rouinet, 30300 FOURQUES",,,"Angles Et Surface Carrelage"," Tél : 04 90 33 39 78 ","Face Au Leclerc Drive av Grand Angles, 30133 LES ANGLES",,,,,,,,,,,,,,,,,,,,,,,,,,,,,,,,,,,,,,,,,,,,,,,,
